<beans xmlns="http://www.springframework.org/schema/beans"
	xmlns:xsi="http://www.w3.org/2001/XMLSchema-instance"
	xmlns:context="http://www.springframework.org/schema/context"
	xsi:schemaLocation="http://www.springframework.org/schema/beans
    http://www.springframework.org/schema/beans/spring-beans-3.0.xsd
    http://www.springframework.org/schema/context
    http://www.springframework.org/schema/context/spring-context-3.0.xsd">

	<!-- Employee emp=new Employee(); -->
	<bean class="com.cts.Employee" id="emp">
	
		<!-- <property name="address" ref="add"></property> -->
	
		<constructor-arg name="address" ref="add"></constructor-arg>
	</bean>

	<bean class="com.cts.Address" id="add"></bean>

</beans>