<beans xmlns="http://www.springframework.org/schema/beans"
	xmlns:xsi="http://www.w3.org/2001/XMLSchema-instance"
	xmlns:context="http://www.springframework.org/schema/context"
	xsi:schemaLocation="http://www.springframework.org/schema/beans
    http://www.springframework.org/schema/beans/spring-beans-3.0.xsd
    http://www.springframework.org/schema/context
    http://www.springframework.org/schema/context/spring-context-3.0.xsd">

	<bean class="com.cts.Employee" id="emp" autowire="byType">
		<property name="empId" value="123"></property>
		<property name="empName" value="suresh"></property>
		<property name="empSal" value="9000"></property>
		<property name="empDesg" value="trainer"></property>
		<!-- <property name="address" ref="add"></property> -->

	</bean>
	<bean class="com.cts.Address" id="add" primary="true">
		<property name="state" value="telangana"></property>
	</bean>
	<bean class="com.cts.Address" id="add1">
		<property name="state" value="tamilnadu"></property>
	</bean>
</beans>

<!-- <constructor-arg name="empid" value="124"></constructor-arg> <constructor-arg 
	name="empName" value="naresh"></constructor-arg> <constructor-arg name="empSal" 
	value="19000"></constructor-arg> <constructor-arg name="empDesg" value="developer"></constructor-arg> 
	<constructor-arg name="address" ref="add"></constructor-arg> -->